Model,Accuracy,F1_Score,Privacy_Budget
Centralized,0.9649122807017544,0.971830985915493,inf
Federated Global,0.9649122953414917,0.9714285714285714,4.992989705735367
