Hospital,Data_Size,Data_Quality,Final_Contribution,Selection_Frequency,Average_Epsilon,Final_F1_Score
1,76,0.8356282788296707,0.5914092550332326,8,4.99156983102005,0.9777777777777777
2,85,0.9532517822564033,0.06524937716141344,5,4.991569831020049,0.967032967032967
3,90,0.9336547703137563,0.015431346446156504,6,4.99156983102005,0.9911504424778761
4,95,0.8877872936885733,0.08624726636071876,6,4.99156983102005,1.0
5,109,0.7045703326989539,0.036609972033058304,5,4.998669204596632,1.0
